2.4G Part, Taks1 - 5G, Taks1 - channel 2.4G, Taks2 - channel 5G, Taks2 - channel 2.4G 
90,4.3057419999999995,7.728309,5.644236,6.52548,
60,4.579715,6.405423000000001,4.9200349999999995,5.968261,
26,6.11249,6.25946,5.714670999999999,5.991727,
26,4.890217733333333,4.9061522,4.099273866666665,5.336746133333333,